,cluster,country,fertility,life_expect,pop,year,population,flag,YEAR,P10
0,0,Afghanistan,7.7,30.332,8891209,1955,8891209,1,55,6.948960819
1,0,Afghanistan,7.7,31.997,9829450,1960,9829450,1,60,6.9925292179
10,0,Afghanistan,7.0685,43.828,29928987,2005,29928987,1,5,7.4760920176
100,3,Bolivia,6.63,43.428,3434073,1960,3434073,1,60,6.535809523
101,3,Bolivia,6.56,45.032,3853315,1965,3853315,1,65,6.5858345131
102,3,Bolivia,6.5,46.714,4346218,1970,4346218,1,70,6.6381115061
103,3,Bolivia,5.8,50.023,4914316,1975,4914316,1,75,6.691463079
104,3,Bolivia,5.2995,53.859,5441298,1980,5441298,1,80,6.7357025113
105,3,Bolivia,5.0,57.251,5934935,1985,5934935,1,85,6.7734159669
106,3,Bolivia,4.8,59.957,6573900,1990,6573900,1,90,6.8178230935
107,3,Bolivia,4.324,62.05,7376582,95,7376582,1,95,6.8678551745
108,3,Bolivia,3.9585,63.883,8152620,2000,8152620,1,0,6.9112972
109,3,Bolivia,3.5,65.554,8857870,2005,8857870,1,5,6.9473293022
11,3,Argentina,3.1265,64.399,18,1955,18,1,55,1.2552725051
110,3,Brazil,6.1501,53.285,61773546,1955,61773546,1,55,7.790802532
111,3,Brazil,6.1501,55.665,71694810,1960,71694810,1,60,7.8554877182
112,3,Brazil,5.38,57.632,83092908,1965,83092908,1,65,7.9195639582
113,3,Brazil,4.7175,59.504,95684297,1970,95684297,1,70,7.9808406704
114,3,Brazil,4.305,61.489,108823732,1975,108823732,1,75,8.0367236155
115,3,Brazil,3.8,63.336,122958132,1980,122958132,1,80,8.0897572567
116,3,Brazil,3.1,65.205,137302933,1985,137302933,1,85,8.1376798145
117,3,Brazil,2.6,67.057,151083809,1990,151083809,1,90,8.1792179254
118,3,Brazil,2.45,69.388,163542501,95,163542501,1,95,8.213630635
119,3,Brazil,2.345,71.006,175552771,2000,175552771,1,0,8.2444076889
12,3,Argentina,3.0895,65.142,20,1960,20,1,60,1.3010299957
120,3,Brazil,2.245,72.39,186112794,2005,186112794,1,5,8.269776229
121,3,Canada,3.882,69.96,16050356,1955,16050356,1,55,7.2054846696
122,3,Canada,3.675,71.3,18266765,1960,18266765,1,60,7.2616616417
123,3,Canada,2.61,72.13,20071104,1965,20071104,1,65,7.3025712613
124,3,Canada,1.976,72.88,21749986,1970,21749986,1,70,7.3374589817
125,3,Canada,1.734,74.21,23209200,1975,23209200,1,75,7.365660171
126,3,Canada,1.634,75.76,24593300,1980,24593300,1,80,7.3908168075
127,3,Canada,1.616,76.86,25941600,1985,25941600,1,85,7.4139967586
128,3,Canada,1.694,77.95,27790600,1990,27790600,1,90,7.4438979233
129,3,Canada,1.564,78.61,29619002,95,29619002,1,95,7.4715704211
13,3,Argentina,3.049,65.634,22283100,1965,22283100,1,65,7.3479756093
130,3,Canada,1.522,79.77,31278097,2000,31278097,1,0,7.4952403222
131,3,Canada,1.527,80.653,32805041,2005,32805041,1,5,7.5159405849
132,3,Chile,5.486,56.074,6743269,1955,6743269,1,55,6.8288704847
133,3,Chile,5.4385,57.924,7585349,1960,7585349,1,60,6.8799755674
134,3,Chile,4.4405,60.523,8509950,1965,8509950,1,65,6.9299270084
135,3,Chile,3.63,63.441,9368558,1970,9368558,1,70,6.9716727498
136,3,Chile,2.803,67.052,10251542,1975,10251542,1,75,7.0107891953
137,3,Chile,2.671,70.565,11093718,1980,11093718,1,80,7.045077122
138,3,Chile,2.65,72.492,12066701,1985,12066701,1,85,7.0815885515
139,3,Chile,2.55,74.126,13127760,1990,13127760,1,90,7.1181906284
14,3,Argentina,3.1455,67.065,23962313,1970,23962313,1,70,7.3795287367
140,3,Chile,2.21,75.816,14205449,95,14205449,1,95,7.1524549653
141,3,Chile,2.0,77.86,15153450,2000,15153450,1,0,7.1805115203
142,3,Chile,1.944,78.553,15980912,2005,15980912,1,5,7.20360156
143,4,China,5.59,50.54896,608655000,1955,608655000,1,55,8.784371194
144,4,China,5.72,44.50136,667070000,1960,667070000,1,60,8.8241714097
145,4,China,6.06,58.38112,715185000,1965,715185000,1,65,8.8544183972
146,4,China,4.86,63.11888,818315000,1970,818315000,1,70,8.912920512
147,4,China,3.32,63.96736,916395000,1975,916395000,1,75,8.9620827109
148,4,China,2.55,65.525,981235000,1980,981235000,1,80,8.9917730308
149,4,China,2.46,67.274,1051040000,1985,1051040000,1,85,9.0216192445
15,3,Argentina,3.44,68.481,26081880,1975,26081880,1,75,7.4163388924
150,4,China,1.92,68.69,1135185000,1990,1135185000,1,90,9.0550666438
151,4,China,1.781,70.426,1204855000,95,1204855000,1,95,9.0809347843
152,4,China,1.7,72.028,1262645000,2000,1262645000,1,0,9.1012812633
153,4,China,1.725,72.961,1303182268,2005,1303182268,1,5,9.115005162
154,3,Colombia,6.76,55.118,13588405,1955,13588405,1,55,7.1331684825
155,3,Colombia,6.76,57.863,15952727,1960,15952727,1,60,7.2028349331
156,3,Colombia,6.18,59.963,18646175,1965,18646175,1,65,7.2705897559
157,3,Colombia,5.0005,61.623,21429658,1970,21429658,1,70,7.3310152401
158,3,Colombia,4.3385,63.837,24114177,1975,24114177,1,75,7.3822724443
159,3,Colombia,3.685,66.653,26582811,1980,26582811,1,80,7.4246009035
16,3,Argentina,3.15,69.942,28369799,1980,28369799,1,80,7.4528562588
160,3,Colombia,3.172,67.768,29678395,1985,29678395,1,85,7.4724404107
161,3,Colombia,2.93005,68.421,32858579,1990,32858579,1,90,7.516648778
162,3,Colombia,2.7,70.313,36280883,95,36280883,1,95,7.5596778483
163,3,Colombia,2.4705,71.682,39685655,2000,39685655,1,0,7.5986335526
164,3,Colombia,2.2205,72.889,42954279,2005,42954279,1,5,7.6330064337
165,3,Costa Rica,7.1135,60.026,1031782,1955,1031782,1,55,6.0135879471
166,3,Costa Rica,7.2245,62.842,1248022,1960,1248022,1,60,6.0962222411
167,3,Costa Rica,5.801,65.424,1487605,1965,1487605,1,65,6.1724876294
168,3,Costa Rica,4.346,67.849,1735523,1970,1735523,1,70,6.2394303735
169,3,Costa Rica,3.7755,70.75,1991580,1975,1991580,1,75,6.2991977563
17,3,Argentina,3.053,70.774,30675059,1985,30675059,1,85,7.4867854067
170,3,Costa Rica,3.527,73.45,2299124,1980,2299124,1,80,6.361562395
171,3,Costa Rica,3.374,74.752,2643808,1985,2643808,1,85,6.4222299124
172,3,Costa Rica,2.945,75.713,3027175,1990,3027175,1,90,6.4810375281
173,3,Costa Rica,2.5835,77.26,3383786,95,3383786,1,95,6.5294028892
174,3,Costa Rica,2.2815,78.123,3710558,2000,3710558,1,0,6.5694392245
175,3,Costa Rica,2.0985,78.782,4016173,2005,4016173,1,5,6.6038124121
176,1,Croatia,2.42,64.77,3955526,1955,3955526,1,55,6.5972042435
177,1,Croatia,2.27,67.13,4036145,1960,4036145,1,60,6.60596676
178,1,Croatia,2.09,68.5,4133313,1965,4133313,1,65,6.616298294
179,1,Croatia,1.96,69.61,4205389,1970,4205389,1,70,6.6238061744
18,3,Argentina,2.9,71.868,33022202,1990,33022202,1,90,7.5188060297
180,1,Croatia,2.02,70.64,4255000,1975,4255000,1,75,6.6288995644
181,1,Croatia,1.96,70.46,4383000,1980,4383000,1,80,6.6417714707
182,1,Croatia,1.84,71.52,4457874,1985,4457874,1,85,6.6491277892
183,1,Croatia,1.52,72.527,4508347,1990,4508347,1,90,6.6540173356
184,1,Croatia,1.537,73.68,4496683,95,4496683,1,95,6.6528922724
185,1,Croatia,1.348,74.876,4410830,2000,4410830,1,0,6.6445203197
186,1,Croatia,1.346,75.748,4495904,2005,4495904,1,5,6.6528170293
187,3,Cuba,3.6995,62.325,6381106,1955,6381106,1,55,6.804895959
188,3,Cuba,4.6805,65.246,7027210,1960,7027210,1,60,6.8467829321
189,3,Cuba,4.3,68.29,7809916,1965,7809916,1,65,6.8926463628
19,3,Argentina,2.63,73.275,35311049,95,35311049,1,95,7.5479106195
190,3,Cuba,3.6,70.723,8542746,1970,8542746,1,70,6.9315974938
191,3,Cuba,2.15,72.649,9290074,1975,9290074,1,75,6.9680191734
192,3,Cuba,1.8495,73.717,9652975,1980,9652975,1,80,6.9846611814
193,3,Cuba,1.8495,74.174,10078658,1985,10078658,1,85,7.0034027085
194,3,Cuba,1.6505,74.414,10544793,1990,10544793,1,90,7.0230380587
195,3,Cuba,1.6095,76.151,10896802,95,10896802,1,95,7.0372990596
196,3,Cuba,1.63,77.158,11134273,2000,11134273,1,0,7.0466618655
197,3,Cuba,1.49,78.273,11346670,2005,11346670,1,5,7.0548684243
198,3,Dominican Republic,7.6405,49.828,2737257,1955,2737257,1,55,6.4373155751
199,3,Dominican Republic,7.3505,53.459,3231488,1960,3231488,1,60,6.5094025475
2,0,Afghanistan,7.7,34.02,10997885,1965,10997885,1,65,7.0413091741
20,3,Argentina,2.35,74.34,37497728,2000,37497728,1,0,7.5740049545
200,3,Dominican Republic,6.6495,56.751,3805881,1965,3805881,1,65,6.5804552049
201,3,Dominican Republic,5.71,59.631,4422755,1970,4422755,1,70,6.6456928821
202,3,Dominican Republic,4.76,61.788,5048499,1975,5048499,1,75,6.7031622746
203,3,Dominican Republic,4.0,63.727,5696855,1980,5696855,1,80,6.7556351657
204,3,Dominican Republic,3.47,66.046,6377765,1985,6377765,1,85,6.8046685129
205,3,Dominican Republic,3.95,68.457,7077651,1990,7077651,1,90,6.8498891437
206,3,Dominican Republic,3.05,69.957,7730224,95,7730224,1,95,6.8881920787
207,3,Dominican Republic,2.95,70.847,8385828,2000,8385828,1,0,6.9235459504
208,3,Dominican Republic,2.81,72.235,9049595,2005,9049595,1,5,6.9566291435
209,3,Ecuador,6.7,51.356,3842399,1955,3842399,1,55,6.5846024606
21,3,Argentina,2.254,75.32,39537943,2005,39537943,1,5,7.597014071
210,3,Ecuador,6.7,54.64,4415956,1960,4415956,1,60,6.6450247375
211,3,Ecuador,6.5,56.678,5117779,1965,5117779,1,65,6.7090815279
212,3,Ecuador,6.0005,58.796,5939246,1970,5939246,1,70,6.7737313139
213,3,Ecuador,5.4005,61.31,6871698,1975,6871698,1,75,6.8370640647
214,3,Ecuador,4.7005,64.342,7920499,1980,7920499,1,80,6.8987525435
215,3,Ecuador,4.0,67.231,9061664,1985,9061664,1,85,6.9572079548
216,3,Ecuador,3.4005,69.613,10318036,1990,10318036,1,90,7.0135970388
217,3,Ecuador,3.1,72.312,11438004,95,11438004,1,95,7.0583502441
218,3,Ecuador,2.8175,74.173,12505204,2000,12505204,1,0,7.0970907809
219,3,Ecuador,2.578,74.994,13363593,2005,13363593,1,5,7.1259232403
22,3,Aruba,5.15,64.381,53865,1955,53865,1,55,4.7313066642
220,5,Egypt,6.97,44.444,23855527,1955,23855527,1,55,7.3775890151
221,5,Egypt,7.073,46.992,26846610,1960,26846610,1,60,7.4288894539
222,5,Egypt,6.56,49.293,30265148,1965,30265148,1,65,7.480942802
223,5,Egypt,5.855,51.137,33574026,1970,33574026,1,70,7.5260034224
224,5,Egypt,5.609,53.319,36952499,1975,36952499,1,75,7.5676438139
225,5,Egypt,5.332,56.006,42634215,1980,42634215,1,80,7.629758271
226,5,Egypt,4.833,59.797,50052381,1985,50052381,1,85,7.6994247418
227,5,Egypt,3.908,63.674,56694413,1990,56694413,1,90,7.7535402631
228,5,Egypt,3.5,67.217,63321615,95,63321615,1,95,7.8015519829
229,5,Egypt,3.174,69.806,70492342,2000,70492342,1,0,7.8481419396
23,3,Aruba,4.399,66.606,57203,1960,57203,1,60,4.7574188059
230,5,Egypt,2.891,71.338,77505756,2005,77505756,1,5,7.8893339568
231,3,El Salvador,6.8065,48.57,2221139,1955,2221139,1,55,6.3465757378
232,3,El Salvador,6.847,52.307,2581583,1960,2581583,1,60,6.4118860925
233,3,El Salvador,6.621,55.855,3017852,1965,3017852,1,65,6.4796979375
234,3,El Salvador,6.0995,58.207,3603907,1970,3603907,1,70,6.5567735753
235,3,El Salvador,5.5996,56.696,4071179,1975,4071179,1,75,6.6097201977
236,3,El Salvador,4.5,56.604,4566199,1980,4566199,1,80,6.6595548346
237,3,El Salvador,3.901,63.154,4664361,1985,4664361,1,85,6.6687921554
238,3,El Salvador,3.52,66.798,5099884,1990,5099884,1,90,6.7075602979
239,3,El Salvador,3.17,69.535,5568437,95,5568437,1,95,6.7457333105
24,3,Aruba,3.301,68.336,59020,1965,59020,1,65,4.7709992052
240,3,El Salvador,2.883,70.734,6122515,2000,6122515,1,0,6.7869298578
241,3,El Salvador,2.6825,71.878,6704932,2005,6704932,1,5,6.8263943777
242,1,Finland,2.769,67.49,4234900,1955,4234900,1,55,6.6268431597
243,1,Finland,2.66,68.75,4429600,1960,4429600,1,60,6.6463645105
244,1,Finland,2.191,69.83,4563732,1965,4563732,1,65,6.659320133
245,1,Finland,1.623,70.87,4606307,1970,4606307,1,70,6.6633528793
246,1,Finland,1.663,72.52,4711439,1975,4711439,1,75,6.6731535726
247,1,Finland,1.685,74.55,4779535,1980,4779535,1,80,6.6793856462
248,1,Finland,1.66,74.83,4901783,1985,4901783,1,85,6.6903540813
249,1,Finland,1.819,75.7,4986431,1990,4986431,1,90,6.6977898138
25,3,Aruba,2.651,70.941,59039,1970,59039,1,70,4.7711389928
250,1,Finland,1.743,77.13,5104654,95,5104654,1,95,6.7079663104
251,1,Finland,1.754,78.37,5168595,2000,5168595,1,0,6.7133725031
252,1,Finland,1.825,79.313,5223442,2005,5223442,1,5,6.7179567768
253,1,France,1.805,76.34,55171224,1985,55171224,1,85,7.7417126191
254,1,France,1.713,77.46,56735161,1990,56735161,1,90,7.7538522916
255,1,France,1.7624,78.64,58149727,95,58149727,1,95,7.7645476802
256,1,France,1.8833,79.59,59381628,2000,59381628,1,0,7.7736521
257,1,France,1.8916,80.657,60656178,2005,60656178,1,5,7.7828750416
258,1,Georgia,2.909,62.625,3827154,1955,3827154,1,55,6.5828759381
259,1,Georgia,2.979,64.644,4146570,1960,4146570,1,60,6.6176890013
26,3,Aruba,2.45,71.83,59390,1975,59390,1,75,4.7737133253
260,1,Georgia,2.611,66.654,4464959,1965,4464959,1,65,6.6498174753
261,1,Georgia,2.601,68.158,4694491,1970,4694491,1,70,6.6715885108
262,1,Georgia,2.39,69.634,4897656,1975,4897656,1,75,6.689988278
263,1,Georgia,2.269,69.638,5045697,1980,5045697,1,80,6.7029211671
264,1,Georgia,2.263,70.45,5192957,1985,5192957,1,85,6.7154147265
265,1,Georgia,1.95,70.465,5426207,1990,5426207,1,90,6.7344963573
266,1,Georgia,1.58,70.49,5012952,95,5012952,1,95,6.7000935462
267,1,Georgia,1.478,70.476,4777209,2000,4777209,1,0,6.6791742418
268,1,Georgia,1.407,70.987,4677401,2005,4677401,1,5,6.6700046042
269,1,Germany,2.3,69.1,70195612,1955,70195612,1,55,7.8463099648
27,3,Aruba,2.358,74.116,60266,1980,60266,1,80,4.7800723673
270,1,Germany,2.49,70.3,72480869,1960,72480869,1,60,7.8602233916
271,1,Germany,2.32,70.8,75638851,1965,75638851,1,65,7.878744923
272,1,Germany,1.64,71.0,77783164,1970,77783164,1,70,7.890885605
273,1,Germany,1.52,72.5,78682325,1975,78682325,1,75,7.8958771845
274,1,Germany,1.46,73.8,78297904,1980,78297904,1,80,7.8937501363
275,1,Germany,1.43,74.847,77684907,1985,77684907,1,85,7.8903366502
276,1,Germany,1.31,76.07,79380394,1990,79380394,1,90,7.8997132502
277,1,Germany,1.34,77.34,81653702,95,81653702,1,95,7.9119758795
278,1,Germany,1.346,78.67,82187909,2000,82187909,1,0,7.9148079314
279,1,Germany,1.36,79.406,82431390,2005,82431390,1,5,7.9160926232
28,3,Aruba,2.3,74.494,64129,1985,64129,1,85,4.8070544678
280,1,Greece,2.27,67.86,7965538,1955,7965538,1,55,6.9012151138
281,1,Greece,2.2,69.51,8327405,1960,8327405,1,60,6.9205096869
282,1,Greece,2.38,71.0,8550333,1965,8550333,1,65,6.931983029
283,1,Greece,2.32,72.34,8792806,1970,8792806,1,70,6.9441274912
284,1,Greece,2.32,73.68,9046542,1975,9046542,1,75,6.9564826038
285,1,Greece,1.96,75.24,9642505,1980,9642505,1,80,6.9841898727
286,1,Greece,1.53,76.67,9923253,1985,9923253,1,85,6.9966540641
287,1,Greece,1.37,77.03,10129603,1990,10129603,1,90,7.0055924248
288,1,Greece,1.296,77.869,10457554,95,10457554,1,95,7.0194301158
289,1,Greece,1.277,78.256,10559110,2000,10559110,1,0,7.0236273142
29,3,Aruba,2.28,74.108,66653,1990,66653,1,90,4.8238197014
290,1,Greece,1.325,79.483,10668354,2005,10668354,1,5,7.0280974181
291,3,Grenada,6.7,63.114,84621,1955,84621,1,55,4.9274781533
292,3,Grenada,6.4,63.608,90148,1960,90148,1,60,4.954956096
293,3,Grenada,4.8,64.091,93290,1965,93290,1,65,4.9698350931
294,3,Grenada,4.6,64.577,95410,1970,95410,1,70,4.9795938958
295,3,Grenada,4.3,65.035,95819,1975,95819,1,75,4.9814516341
296,3,Grenada,4.23,65.503,90164,1980,90164,1,80,4.9550331703
297,3,Grenada,4.14,66.002,92203,1985,92203,1,85,4.9647450519
298,3,Grenada,3.26,66.469,92360,1990,92360,1,90,4.9654839242
299,3,Grenada,2.814,66.986,90603,95,90603,1,95,4.9571425781
3,0,Afghanistan,7.7,36.088,12430623,1970,12430623,1,70,7.0944928952
30,3,Aruba,2.208,73.011,67836,95,67836,1,95,4.8314602315
300,3,Grenada,2.429,67.746,89312,2000,89312,1,0,4.9509098148
301,3,Grenada,2.302,68.724,89502,2005,89502,1,5,4.9518327401
302,3,Haiti,6.3,40.696,3376419,1955,3376419,1,55,6.5284563355
303,3,Haiti,6.3,43.59,3722743,1960,3722743,1,60,6.5708630557
304,3,Haiti,6.0,46.243,4137405,1965,4137405,1,65,6.616728035
305,3,Haiti,5.6005,48.042,4604915,1970,4604915,1,70,6.6632216182
306,3,Haiti,5.8,49.923,4828338,1975,4828338,1,75,6.6837976646
307,3,Haiti,6.2099,51.461,5029725,1980,5029725,1,80,6.7015442407
308,3,Haiti,5.69985,53.636,5517977,1985,5517977,1,85,6.7417798859
309,3,Haiti,5.14985,55.089,6126101,1990,6126101,1,90,6.7871841527
31,3,Aruba,2.124,73.451,69539,2000,69539,1,0,4.8422284411
310,3,Haiti,4.695,56.671,6675578,95,6675578,1,95,6.8244888747
311,3,Haiti,4.0,58.137,7306302,2000,7306302,1,0,6.8636976195
312,3,Haiti,3.5445,60.916,8121622,2005,8121622,1,5,6.9096427725
313,4,Hong Kong,4.72,64.75,2490400,1955,2490400,1,55,6.3962691077
314,4,Hong Kong,5.31,67.65,3075300,1960,3075300,1,60,6.4878874882
315,4,Hong Kong,4.02,70.0,3597900,1965,3597900,1,65,6.5560490884
316,4,Hong Kong,2.89,72.0,3959000,1970,3959000,1,70,6.5975855018
317,4,Hong Kong,2.32,73.6,4395800,1975,4395800,1,75,6.6430379247
318,4,Hong Kong,1.8,75.45,5063100,1980,5063100,1,80,6.7044165051
319,4,Hong Kong,1.31,76.2,5456200,1985,5456200,1,85,6.7368902812
32,3,Aruba,2.04,74.239,71566,2005,71566,1,5,4.8547067441
320,4,Hong Kong,1.288,77.601,5687959,1990,5687959,1,90,6.7549564572
321,4,Hong Kong,1.08,80.0,6225347,95,6225347,1,95,6.794163564
322,4,Hong Kong,0.94,81.495,6658720,2000,6658720,1,0,6.8233907531
323,4,Hong Kong,0.966,82.208,6898686,2005,6898686,1,5,6.8387663781
324,1,Iceland,4.023,73.47,158044,1955,158044,1,55,5.1987780129
325,1,Iceland,3.943,73.68,175860,1960,175860,1,60,5.2451670688
326,1,Iceland,3.154,73.73,192288,1965,192288,1,65,5.2839521823
327,1,Iceland,2.843,74.46,204104,1970,204104,1,70,5.309851516
328,1,Iceland,2.287,76.11,218031,1975,218031,1,75,5.3385182467
329,1,Iceland,2.248,76.99,228161,1980,228161,1,80,5.3582414116
33,4,Australia,3.406,70.33,9277087,1955,9277087,1,55,6.9674116294
330,1,Iceland,2.116,77.23,241403,1985,241403,1,85,5.3827426629
331,1,Iceland,2.194,78.77,254719,1990,254719,1,90,5.4060613411
332,1,Iceland,2.056,78.95,267527,95,267527,1,95,5.4273676195
333,1,Iceland,1.993,80.5,281043,2000,281043,1,0,5.4487727727
334,1,Iceland,2.052,81.757,296737,2005,296737,1,5,5.4723717017
335,0,India,5.8961,40.249,393000000,1955,393000000,1,55,8.5943925504
336,0,India,5.8216,43.605,434000000,1960,434000000,1,60,8.6374897295
337,0,India,5.6058,47.193,485000000,1965,485000000,1,65,8.6857417386
338,0,India,5.264,50.651,541000000,1970,541000000,1,70,8.7331972651
339,0,India,4.8888,54.208,607000000,1975,607000000,1,75,8.7831886911
34,4,Australia,3.274,70.93,10361273,1960,10361273,1,60,7.0154131167
340,0,India,4.4975,56.596,679000000,1980,679000000,1,80,8.8318697743
341,0,India,4.15,58.553,755000000,1985,755000000,1,85,8.8779469516
342,0,India,3.8648,60.223,839000000,1990,839000000,1,90,8.9237619608
343,0,India,3.4551,61.765,927000000,95,927000000,1,95,8.9670797341
344,0,India,3.1132,62.879,1007702000,2000,1007702000,1,0,9.0033321205
345,0,India,2.8073,64.698,1080264388,2005,1080264388,1,5,9.0335300594
346,4,Indonesia,5.672,39.918,86807000,1955,86807000,1,55,7.9385547475
347,4,Indonesia,5.62,42.518,95254000,1960,95254000,1,60,7.9788832221
348,4,Indonesia,5.568,45.964,105093000,1965,105093000,1,65,8.0215737896
349,4,Indonesia,5.3,49.203,116044000,1970,116044000,1,70,8.0646226904
35,4,Australia,2.871,71.1,11439384,1965,11439384,1,65,7.0584026387
350,4,Indonesia,4.73,52.702,130297000,1975,130297000,1,75,8.1149344165
351,4,Indonesia,4.109,56.159,146995000,1980,146995000,1,80,8.1673025626
352,4,Indonesia,3.4,60.137,163403000,1985,163403000,1,85,8.2132600257
353,4,Indonesia,2.9,62.681,178500000,1990,178500000,1,90,8.2516382204
354,4,Indonesia,2.55,66.041,194755000,95,194755000,1,95,8.2894886163
355,4,Indonesia,2.3761,68.588,206265000,2000,206265000,1,0,8.3144255411
356,4,Indonesia,2.182,70.65,218465000,2005,218465000,1,5,8.3393818691
357,5,Iran,7.0,47.181,18729000,1955,18729000,1,55,7.2725145897
358,5,Iran,7.0,49.325,21577000,1960,21577000,1,60,7.3339910616
359,5,Iran,6.8,52.469,25000000,1965,25000000,1,65,7.3979400087
36,4,Australia,2.535,71.93,12660160,1970,12660160,1,70,7.1024391944
360,5,Iran,6.4,55.234,28933000,1970,28933000,1,70,7.461393467
361,5,Iran,6.5,57.702,33379000,1975,33379000,1,75,7.5234733215
362,5,Iran,6.63,59.62,39583397,1980,39583397,1,80,7.5975130621
363,5,Iran,5.62,63.04,48439952,1985,48439952,1,85,7.6852037041
364,5,Iran,4.328,65.742,57035717,1990,57035717,1,90,7.7561469055
365,5,Iran,2.534,68.042,61628116,95,61628116,1,95,7.7897788914
366,5,Iran,2.124,69.451,65660289,2000,65660289,1,0,7.8173027899
367,5,Iran,2.04,70.964,68017860,2005,68017860,1,5,7.8326229639
368,5,Iraq,7.3,48.437,5903253,1955,5903253,1,55,6.7710913965
369,5,Iraq,7.25,51.457,6822030,1960,6822030,1,60,6.8339136249
37,4,Australia ,1.989,73.49,13771400,1975,13771400,1,75,7.1389780929
370,5,Iraq,7.2,54.459,7970746,1965,7970746,1,65,6.9014989699
371,5,Iraq,7.15,56.95,9413671,1970,9413671,1,70,6.973759016
372,5,Iraq,6.8,60.413,11117804,1975,11117804,1,75,7.0460190134
373,5,Iraq,6.35,62.038,13232839,1980,13232839,1,80,7.1216530286
374,5,Iraq,6.15,65.044,15693620,1985,15693620,1,85,7.1957231325
375,5,Iraq,5.7,59.461,18134702,1990,18134702,1,90,7.2585104234
376,5,Iraq,5.37,58.811,19557247,95,19557247,1,95,7.2913077208
377,5,Iraq,4.858,57.046,22675617,2000,22675617,1,0,7.355559113
378,5,Iraq,4.264,59.545,26074906,2005,26074906,1,5,7.4162227515
379,1,Ireland,3.68,68.9,2916133,1955,2916133,1,55,6.4648073276
38,4,Australia,1.907,74.74,14615900,1980,14615900,1,80,7.164825563
380,1,Ireland,3.979,70.29,2832000,1960,2832000,1,60,6.452093249
381,1,Ireland,3.873,71.08,2876000,1965,2876000,1,65,6.4587888817
382,1,Ireland,3.815,71.28,2950100,1970,2950100,1,70,6.4698367376
383,1,Ireland,3.478,72.03,3177300,1975,3177300,1,75,6.5020582228
384,1,Ireland,2.877,73.1,3401000,1980,3401000,1,80,6.5316066319
385,1,Ireland,2.287,74.36,3540000,1985,3540000,1,85,6.549003262
386,1,Ireland,1.969,75.467,3508200,1990,3508200,1,90,6.5450843442
387,1,Ireland,1.9,76.122,3613890,95,3613890,1,95,6.5579749293
388,1,Ireland,1.969,77.783,3791690,2000,3791690,1,0,6.5788328232
389,1,Ireland,1.964,78.885,4015676,2005,4015676,1,5,6.603758665
39,4,Australia,1.859,76.32,15788300,1985,15788300,1,85,7.19833537
390,5,Israel,3.893,67.84,1772032,1955,1772032,1,55,6.2484715603
391,5,Israel,3.852,69.39,2141495,1960,2141495,1,60,6.3307170647
392,5,Israel,3.79,70.75,2578184,1965,2578184,1,65,6.4113139089
393,5,Israel,3.77,71.63,2903434,1970,2903434,1,70,6.4629119582
394,5,Israel,3.409,73.06,3354242,1975,3354242,1,75,6.5255943926
395,5,Israel,3.125,74.45,3737473,1980,3737473,1,80,6.5725780639
396,5,Israel,3.051,75.6,4074965,1985,4074965,1,85,6.6101238829
397,5,Israel,2.933,76.93,4512068,1990,4512068,1,90,6.6543756361
398,5,Israel,2.942,78.269,5305120,95,5305120,1,95,6.7246952119
399,5,Israel,2.906,79.696,5842454,2000,5842454,1,0,6.7665953017
4,0,Afghanistan,7.7,38.438,14132019,1975,14132019,1,75,7.1502042127
40,4,Australia,1.86,77.56,17022133,1990,17022133,1,90,7.2310139795
400,5,Israel,2.75,80.745,6276883,2005,6276883,1,5,6.7977440336
401,1,Italy,2.35,67.81,48633000,1955,48633000,1,55,7.6869310605
402,1,Italy,2.498,69.24,50197600,1960,50197600,1,60,7.7006829536
403,1,Italy,2.493,71.06,51987100,1965,51987100,1,65,7.7158955918
404,1,Italy,2.325,72.19,53661100,1970,53661100,1,70,7.729659571
405,1,Italy,1.889,73.48,55571894,1975,55571894,1,75,7.7448551987
406,1,Italy,1.53,74.98,56451247,1980,56451247,1,80,7.7516735399
407,1,Italy,1.349,76.42,56731215,1985,56731215,1,85,7.7538220849
408,1,Italy,1.275,77.44,56742886,1990,56742886,1,90,7.7539114207
409,1,Italy,1.213,78.82,57274531,95,57274531,1,95,7.7579615416
41,4,Australia,1.776,78.83,18116171,95,18116171,1,95,7.2580664114
410,1,Italy,1.286,80.24,57719337,2000,57719337,1,0,7.7613213339
411,1,Italy,1.379,80.546,58103033,2005,58103033,1,5,7.7641988033
412,3,Jamaica,5.08,62.61,1488805,1955,1488805,1,55,6.1728378187
413,3,Jamaica,5.64,65.61,1631784,1960,1631784,1,60,6.2126626705
414,3,Jamaica,5.78,67.51,1777397,1965,1777397,1,65,6.2497844428
415,3,Jamaica,5.0,69.0,1943787,1970,1943787,1,70,6.2886486732
416,3,Jamaica,4.0,70.11,2104879,1975,2104879,1,75,6.3232271353
417,3,Jamaica,3.55,71.21,2228803,1980,2228803,1,80,6.3480716836
418,3,Jamaica,3.1,71.77,2318652,1985,2318652,1,85,6.3652355715
419,3,Jamaica,2.84,71.766,2347922,1990,2347922,1,90,6.3706836652
42,4,Australia,1.756,80.37,19164620,2000,19164620,1,0,7.2825002124
420,3,Jamaica,2.67,72.262,2469389,95,2469389,1,95,6.3925895092
421,3,Jamaica,2.628,72.047,2615467,2000,2615467,1,0,6.4175492448
422,3,Jamaica,2.4289,72.567,2735520,2005,2735520,1,5,6.4370398943
423,4,Japan,2.08,65.5,89815060,1955,89815060,1,55,7.9533491644
424,4,Japan,2.02,68.73,94091638,1960,94091638,1,60,7.973551029
425,4,Japan,2.0,71.43,98882534,1965,98882534,1,65,7.9951195873
426,4,Japan,2.07,73.42,104344973,1970,104344973,1,70,8.018471531
427,4,Japan,1.81,75.38,111573116,1975,111573116,1,75,8.0475595622
428,4,Japan,1.76,77.11,116807309,1980,116807309,1,80,8.0674700188
429,4,Japan,1.66,78.67,120754335,1985,120754335,1,85,8.0819027306
43,4,Australia,1.788,81.235,20090437,2005,20090437,1,5,7.3029893835
430,4,Japan,1.49,79.36,123537399,1990,123537399,1,90,8.0917984533
431,4,Japan,1.39,80.69,125341354,95,125341354,1,95,8.0980943819
432,4,Japan,1.291,82.0,126699784,2000,126699784,1,0,8.1027758745
433,4,Japan,1.27,82.603,127417244,2005,127417244,1,5,8.1052282072
434,2,Kenya,7.816,44.686,7033999,1955,7033999,1,55,6.8472023022
435,2,Kenya,8.12,47.949,8156827,1960,8156827,1,60,6.9115212514
436,2,Kenya,8.12,50.654,9549179,1965,9549179,1,65,6.9799660343
437,2,Kenya,8.0,53.559,11247182,1970,11247182,1,70,7.0510437229
438,2,Kenya,7.6,56.155,13433414,1975,13433414,1,75,7.1281863993
439,2,Kenya,7.2,58.766,16331401,1980,16331401,1,80,7.2130234426
44,1,Austria,2.52,67.48,6946885,1955,6946885,1,55,6.8417901095
440,2,Kenya,6.5,59.339,0,1985,0,1,85,0.0
441,2,Kenya,5.4,59.285,0,1990,0,1,90,0.0
442,2,Kenya,5.0,54.407,27060142,95,27060142,1,95,7.4323300713
443,2,Kenya,5.0,50.992,29985839,2000,29985839,1,0,7.4769162048
444,2,Kenya,4.959,54.11,33829590,2005,33829590,1,5,7.5292967344
445,4,South Korea,3.8,54.081,8839427,1955,8839427,1,55,6.9464241136
446,4,South Korea,3.41,56.656,10391909,1960,10391909,1,60,7.016695335
447,4,South Korea,4.09,59.942,11868751,1965,11868751,1,65,7.0744050187
448,4,South Korea,3.72,63.983,13911902,1970,13911902,1,70,7.1433865097
449,4,South Korea,2.58,67.159,15801308,1975,15801308,1,75,7.1986930385
45,1,Austria,2.78,69.54,7047437,1960,7047437,1,60,6.8480312022
450,4,South Korea,2.93,69.1,17113626,1980,17113626,1,80,7.2333420367
451,4,South Korea,2.45,70.647,18481420,1985,18481420,1,85,7.2667353367
452,4,South Korea,2.35,69.978,20018546,1990,20018546,1,90,7.3014325303
453,4,South Korea,2.0938,67.727,21561856,95,21561856,1,95,7.3336861413
454,4,South Korea,1.9173,66.662,21647682,2000,21647682,1,0,7.3354113996
455,4,South Korea,1.85,67.297,22912177,2005,22912177,1,5,7.3600663556
456,4,North Korea,6.332,52.681,21551834,1955,21551834,1,55,7.3334842333
457,4,North Korea,5.63,55.292,24784140,1960,24784140,1,60,7.3941738537
458,4,North Korea,4.708,57.716,28705000,1965,28705000,1,65,7.4579575512
459,4,North Korea,4.281,62.612,32241000,1970,32241000,1,70,7.5084085036
46,1,Austria,2.53,70.14,7270889,1965,7270889,1,65,6.8615875146
460,4,North Korea,2.919,64.766,35281000,1975,35281000,1,75,7.5475408862
461,4,North Korea,2.234,67.123,38124000,1980,38124000,1,80,7.5811984609
462,4,North Korea,1.601,69.81,40806000,1985,40806000,1,85,7.6107240252
463,4,North Korea,1.696,72.244,42869000,1990,42869000,1,90,7.6321433529
464,4,North Korea,1.514,74.647,45264146,95,45264146,1,95,7.6557543309
465,4,North Korea,1.242,77.045,47351083,2000,47351083,1,0,7.6753299165
466,4,North Korea,1.21,78.623,48640671,2005,48640671,1,5,7.6869995574
467,5,Lebanon,5.72,59.489,1560985,1955,1560985,1,55,6.1933987298
468,5,Lebanon,5.689,62.094,1786235,1960,1786235,1,60,6.2519385948
469,5,Lebanon,5.336,63.87,2057945,1965,2057945,1,65,6.3134337638
47,1,Austria,2.02,70.63,7467086,1970,7467086,1,70,6.8731511532
470,5,Lebanon,4.78,65.421,2383029,1970,2383029,1,70,6.3771293275
471,5,Lebanon,4.311,66.099,3098159,1975,3098159,1,75,6.4911037023
472,5,Lebanon,3.895,66.983,3085876,1980,3085876,1,80,6.4893784708
473,5,Lebanon,3.313,67.926,3088235,1985,3088235,1,85,6.4897103407
474,5,Lebanon,3.0,69.292,3147267,1990,3147267,1,90,6.4979335881
475,5,Lebanon,2.695,70.265,3334733,95,3334733,1,95,6.5230610673
476,5,Lebanon,2.319,71.028,3578036,2000,3578036,1,0,6.5536447059
477,5,Lebanon,2.209,71.993,3826018,2005,3826018,1,5,6.5827470089
478,3,Mexico,6.8,55.19,32929914,1955,32929914,1,55,7.5175905965
479,3,Mexico,6.7495,58.299,38578505,1960,38578505,1,60,7.5863453938
48,1,Austria,1.64,72.17,7578903,1975,7578903,1,75,6.8796063487
480,3,Mexico,6.7495,60.11,45142399,1965,45142399,1,65,7.654584635
481,3,Mexico,6.5,62.361,52775158,1970,52775158,1,70,7.7224295422
482,3,Mexico,5.2505,65.032,60678045,1975,60678045,1,75,7.7830315797
483,3,Mexico,4.25,67.405,68347479,1980,68347479,1,80,7.8347225002
484,3,Mexico,3.6295,69.498,76767225,1985,76767225,1,85,7.8851758419
485,3,Mexico,3.1905,71.455,84913652,1990,84913652,1,90,7.9289775196
486,3,Mexico,2.6705,73.67,92880353,95,92880353,1,95,7.9679238573
487,3,Mexico,2.4005,74.902,99926620,2000,99926620,1,0,7.9996811977
488,3,Mexico,2.211,76.195,106202903,2005,106202903,1,5,8.0261363881
489,1,Netherlands,3.095,72.99,10750842,1955,10750842,1,55,7.0314424793
49,1,Austria,1.62,73.18,7549433,1980,7549433,1,80,6.8779143352
490,1,Netherlands,3.168,73.23,11486000,1960,11486000,1,60,7.0601688119
491,1,Netherlands,2.797,73.82,12292000,1965,12292000,1,65,7.0896225516
492,1,Netherlands,2.059,73.75,13032335,1970,13032335,1,70,7.1150222351
493,1,Netherlands,1.596,75.24,13653438,1975,13653438,1,75,7.1352420225
494,1,Netherlands,1.515,76.05,14143901,1980,14143901,1,80,7.1505692078
495,1,Netherlands,1.555,76.83,14491380,1985,14491380,1,85,7.1611097449
496,1,Netherlands,1.583,77.42,14951510,1990,14951510,1,90,7.1746850556
497,1,Netherlands,1.6,78.03,15459054,95,15459054,1,95,7.1891829142
498,1,Netherlands,1.726,78.53,15907853,2000,15907853,1,0,7.2016115691
499,1,Netherlands,1.721,79.762,16407491,2005,16407491,1,5,7.2150421747
5,0,Afghanistan,7.8,39.854,15112149,1980,15112149,1,80,7.1793262269
50,1,Austria,1.45,74.94,7559776,1985,7559776,1,85,6.8785089273
500,4,New Zealand,4.07,70.26,2136168,1955,2136168,1,55,6.329635405
501,4,New Zealand,4.022,71.24,2371746,1960,2371746,1,60,6.3750681768
502,4,New Zealand,3.348,71.52,2640400,1965,2640400,1,65,6.4216697241
503,4,New Zealand,2.843,71.89,2828050,1970,2828050,1,70,6.4514870835
504,4,New Zealand,2178.0,72.22,3117800,1975,3117800,1,75,6.4938482527
505,4,New Zealand,1963.0,73.84,3170150,1980,3170150,1,80,6.5010798119
506,4,New Zealand,2.053,74.32,3298050,1985,3298050,1,85,6.5182572355
507,4,New Zealand,2.061,76.33,3359604,1990,3359604,1,90,6.5262880897
508,4,New Zealand,1.952,77.55,3565990,95,3565990,1,95,6.552180121
509,4,New Zealand,1.964,79.11,3819762,2000,3819762,1,0,6.5820363039
51,1,Austria,1.47,76.04,7722953,1990,7722953,1,90,6.8877833918
510,4,New Zealand,1.994,80.204,4035461,2005,4035461,1,5,6.6058931545
511,2,Nigeria,6.9,37.802,35458978,1955,35458978,1,55,7.5497262142
512,2,Nigeria,6.9,39.36,39914593,1960,39914593,1,60,7.6011317052
513,2,Nigeria,6.9,41.04,45020052,1965,45020052,1,65,7.6534059923
514,2,Nigeria,6.9,42.821,51027516,1970,51027516,1,70,7.7078044276
515,2,Nigeria,6.9,44.514,58522112,1975,58522112,1,75,7.767319991
516,2,Nigeria,6.9,45.826,68550274,1980,68550274,1,80,7.836009195
517,2,Nigeria,6.834,46.886,77573154,1985,77573154,1,85,7.8897114495
518,2,Nigeria,6.635,47.472,88510354,1990,88510354,1,90,7.9469940777
519,2,Nigeria,6.246,47.464,100960105,95,100960105,1,95,8.0041497936
52,1,Austria,1.388,77.51,8047433,95,8047433,1,95,6.9056573696
520,2,Nigeria,5.845,46.608,114306700,2000,114306700,1,0,8.058071687
521,2,Nigeria,5.322,46.859,128765768,2005,128765768,1,5,8.1098004225
522,1,Norway,2.837,73.44,3427409,1955,3427409,1,55,6.5349659328
523,1,Norway,2.898,73.47,3581239,1960,3581239,1,60,6.5540333054
524,1,Norway,2.719,74.08,3723153,1965,3723153,1,65,6.5709108836
525,1,Norway,2.248,74.34,3877386,1970,3877386,1,70,6.5885390379
526,1,Norway,1.81,75.37,4007313,1975,4007313,1,75,6.6028532653
527,1,Norway,1.687,75.97,4085620,1980,4085620,1,80,6.6112579708
528,1,Norway,1.8,75.89,4152419,1985,4152419,1,85,6.6183011696
529,1,Norway,1.886,77.32,4242006,1990,4242006,1,90,6.6275712785
53,1,Austria,1.382,78.98,8113413,2000,8113413,1,0,6.9092035836
530,1,Norway,1.853,78.32,4359101,95,4359101,1,95,6.6393969317
531,1,Norway,1.801,79.05,4492400,2000,4492400,1,0,6.6524784186
532,1,Norway,1.848,80.196,4593041,2005,4593041,1,5,6.6621003222
533,0,Pakistan,6.6,45.557,44434445,1955,44434445,1,55,7.6477197601
534,0,Pakistan,6.6,47.67,50386898,1960,50386898,1,60,7.7023176224
535,0,Pakistan,6.6,49.8,57494940,1965,57494940,1,65,7.7596296251
536,0,Pakistan,6.6,51.929,65705964,1970,65705964,1,70,7.8176047914
537,0,Pakistan,6.6,54.043,74711541,1975,74711541,1,75,7.8733876943
538,0,Pakistan,6.6,56.158,85219117,1980,85219117,1,80,7.9305370299
539,0,Pakistan,6.66,58.245,99060352,1985,99060352,1,85,7.9958998669
54,1,Austria,1.42,79.829,8184691,2005,8184691,1,5,6.913002288
540,0,Pakistan,5.8,60.838,114578478,1990,114578478,1,90,8.059103049
541,0,Pakistan,4.9596,61.818,128690285,95,128690285,1,95,8.1095457627
542,0,Pakistan,3.9936,63.61,146342958,2000,146342958,1,0,8.1653718291
543,0,Pakistan,3.5211,65.483,162419946,2005,162419946,1,5,8.2106393618
544,3,Peru,6.853,46.263,8671500,1955,8671500,1,55,6.9380942284
545,3,Peru,6.853,49.096,9931000,1960,9931000,1,60,6.9969929819
546,3,Peru,6.56,51.445,11467300,1965,11467300,1,65,7.0594611744
547,3,Peru,6.0,55.448,13192800,1970,13192800,1,70,7.1203369787
548,3,Peru,5.378,58.447,15161199,1975,15161199,1,75,7.1807335482
549,3,Peru,4.65,61.406,17295298,1980,17295298,1,80,7.2379280494
55,3,Bahamas,4.305,62.405,87138,1955,87138,1,55,4.9402075877
550,3,Peru,4.1,64.134,19348926,1985,19348926,1,85,7.2866568637
551,3,Peru,3.7,66.458,21511443,1990,21511443,1,90,7.3326695441
552,3,Peru,3.0995,68.386,23846388,95,23846388,1,95,7.377422606
553,3,Peru,2.7005,69.906,25979722,2000,25979722,1,0,7.4146344995
554,3,Peru,2.5065,71.421,27925628,2005,27925628,1,5,7.4460029484
555,4,Philippines,7.13,51.334,24553055,1955,24553055,1,55,7.3901055367
556,4,Philippines,6.85,54.757,28528939,1960,28528939,1,60,7.4552856204
557,4,Philippines,6.5,56.393,33267569,1965,33267569,1,65,7.5220210663
558,4,Philippines,6.0,58.065,38603696,1970,38603696,1,70,7.5866288869
559,4,Philippines,5.5,60.06,44336842,1975,44336842,1,75,7.6467647562
56,3,Bahamas,4.503,64.209,112234,1960,112234,1,60,5.0501244414
560,4,Philippines,4.95,62.082,50940182,1980,50940182,1,80,7.7070604923
561,4,Philippines,4.55,64.151,57288037,1985,57288037,1,85,7.7580639412
562,4,Philippines,4.143,66.458,64318120,1990,64318120,1,90,7.8083333416
563,4,Philippines,3.7248,68.564,71717437,95,71717437,1,95,7.8556247606
564,4,Philippines,3.5436,70.303,79739825,2000,79739825,1,0,7.9016752782
565,4,Philippines,3.2327,71.688,87857473,2005,87857473,1,5,7.9437787077
566,1,Poland,3.29,65.77,27220668,1955,27220668,1,55,7.4348987787
567,1,Poland,2.65,67.64,29589842,1960,29589842,1,60,7.4711426462
568,1,Poland,2.27,69.61,31262358,1965,31262358,1,65,7.4950217321
569,1,Poland,2.25,70.85,32526000,1970,32526000,1,70,7.5122306577
57,3,Bahamas,3.794,65.795,139205,1965,139205,1,65,5.1436548347
570,1,Poland,2.26,70.67,33969240,1975,33969240,1,75,7.5310858304
571,1,Poland,2.33,71.32,35578016,1980,35578016,1,80,7.5511817261
572,1,Poland,2.15,70.98,37225792,1985,37225792,1,85,7.5708439464
573,1,Poland,1.89,70.99,38119408,1990,38119408,1,90,7.5811461474
574,1,Poland,1.478,72.75,38600642,95,38600642,1,95,7.5865945279
575,1,Poland,1.251,74.67,38654164,2000,38654164,1,0,7.5871962849
576,1,Poland,1.227,75.563,38557984,2005,38557984,1,5,7.5861143188
577,1,Portugal,3.03,61.51,8692600,1955,8692600,1,55,6.9391496955
578,1,Portugal,3.074,64.39,9036700,1960,9036700,1,60,6.9560098648
579,1,Portugal,2.849,66.6,9128850,1965,9128850,1,65,6.9604160711
58,3,Bahamas,3.444,66.515,170323,1970,170323,1,70,5.231273298
580,1,Portugal,2.748,69.26,9044200,1970,9044200,1,70,6.9563701576
581,1,Portugal,2.41,70.41,9411090,1975,9411090,1,75,6.9736399267
582,1,Portugal,1.982,72.77,9777800,1980,9777800,1,80,6.9902411497
583,1,Portugal,1.594,74.06,9897192,1985,9897192,1,85,6.9955119954
584,1,Portugal,1.516,74.86,9922689,1990,9922689,1,90,6.9966293798
585,1,Portugal,1.475,75.97,10065543,95,10065543,1,95,7.0028372085
586,1,Portugal,1.454,77.29,10335597,2000,10335597,1,0,7.0143355672
587,1,Portugal,1.455,78.098,10566212,2005,10566212,1,5,7.0239193201
588,2,Rwanda,8.0,41.5,2698272,1955,2698272,1,55,6.4310857267
589,2,Rwanda,8.1,43.0,3031804,1960,3031804,1,60,6.4817011216
59,3,Bahamas,3.221,67.199,189139,1975,189139,1,75,5.2767810885
590,2,Rwanda,8.2,44.1,3264640,1965,3264640,1,65,6.5138352975
591,2,Rwanda,8.29,44.6,3769171,1970,3769171,1,70,6.576245841
592,2,Rwanda,8.492,45.0,4356863,1975,4356863,1,75,6.6391739039
593,2,Rwanda,8.5,46.218,5138689,1980,5138689,1,80,6.7108523344
594,2,Rwanda,8.25,44.02,6009833,1985,6009833,1,85,6.7788624041
595,2,Rwanda,6.9,23.599,6923738,1990,6923738,1,90,6.8403406255
596,2,Rwanda,6.0993,36.087,5706501,95,5706501,1,95,6.7563698977
597,2,Rwanda,6.01,43.413,7507056,2000,7507056,1,0,6.8754696556
598,2,Rwanda,5.9169,46.242,8440820,2005,8440820,1,5,6.9263846391
599,5,Saudi Arabia,7.175,42.868,4243218,1955,4243218,1,55,6.6276953447
6,0,Afghanistan,7.9,40.822,13796928,1985,13796928,1,85,7.1397823979
60,3,Bahamas,3.16,67.874,209944,1980,209944,1,80,5.3221034674
600,5,Saudi Arabia,7.257,45.914,4718301,1960,4718301,1,60,6.6737856429
601,5,Saudi Arabia,7.257,49.901,5327432,1965,5327432,1,65,6.726517915
602,5,Saudi Arabia,7.298,53.886,6109051,1970,6109051,1,70,6.7859737508
603,5,Saudi Arabia,7.278,58.69,7204820,1975,7204820,1,75,6.8576231352
604,5,Saudi Arabia,7.015,63.012,9999161,1980,9999161,1,80,6.9999635612
605,5,Saudi Arabia,6.217,66.295,13330067,1985,13330067,1,85,7.1248323323
606,5,Saudi Arabia,5.446,68.768,16060761,1990,16060761,1,90,7.2057661194
607,5,Saudi Arabia,4.621,70.533,19966998,95,19966998,1,95,7.3003127744
608,5,Saudi Arabia,3.81,71.626,23153090,2000,23153090,1,0,7.3646089599
609,5,Saudi Arabia,3.352,72.777,26417599,2005,26417599,1,5,7.4218933436
61,3,Bahamas,2.62,69.524,234988,1985,234988,1,85,5.371045685
610,2,South Africa,6.5,47.985,15368551,1955,15368551,1,55,7.1866329226
611,2,South Africa,6.3,49.951,17416653,1960,17416653,1,60,7.2409646993
612,2,South Africa,5.7,51.927,19898242,1965,19898242,1,65,7.2988147084
613,2,South Africa,5.47,53.696,22739921,1970,22739921,1,70,7.3567889516
614,2,South Africa,5.0,55.527,25815144,1975,25815144,1,75,7.4118745519
615,2,South Africa,4.556,58.161,29251588,1980,29251588,1,80,7.4661494479
616,2,South Africa,3.85,60.834,34254092,1985,34254092,1,85,7.5347124598
617,2,South Africa,3.343,61.888,38391094,1990,38391094,1,90,7.584230488
618,2,South Africa,2.954,60.236,41779149,95,41779149,1,95,7.6209595896
619,2,South Africa,2.802,53.365,44066197,2000,44066197,1,0,7.6441055717
62,3,Bahamas,2.6,69.171,257253,1990,257253,1,90,5.4103604481
620,2,South Africa,2.637,49.339,44344136,2005,44344136,1,5,7.6468361975
621,1,Spain,2.75,66.66,29318745,1955,29318745,1,55,7.4671453762
622,1,Spain,2.89,69.69,30641187,1960,30641187,1,60,7.4863055853
623,1,Spain,2.92,71.44,32084511,1965,32084511,1,65,7.5062954246
624,1,Spain,2.86,73.06,33876479,1970,33876479,1,70,7.529898265
625,1,Spain,2.57,74.39,35563535,1975,35563535,1,75,7.5510049231
626,1,Spain,1.89,76.3,37488360,1980,37488360,1,80,7.5738964418
627,1,Spain,1.48,76.9,38534853,1985,38534853,1,85,7.5858537066
628,1,Spain,1.27,77.57,39350769,1990,39350769,1,90,7.5949532238
629,1,Spain,1.182,78.77,39749715,95,39749715,1,95,7.5993340192
63,3,Bahamas,2.4,68.472,275303,95,275303,1,95,5.439810944
630,1,Spain,1.287,79.78,40016081,2000,40016081,1,0,7.6022345535
631,1,Spain,1.409,80.941,40341462,2005,40341462,1,5,7.6057516333
632,1,Switzerland,2.34,70.56,4980000,1955,4980000,1,55,6.6972293428
633,1,Switzerland,2.51,71.32,5362000,1960,5362000,1,60,6.7293268096
634,1,Switzerland,2.27,72.77,5943000,1965,5943000,1,65,6.7740057303
635,1,Switzerland,1.82,73.78,6267000,1970,6267000,1,70,6.7970596947
636,1,Switzerland,1.53,75.39,6403500,1975,6403500,1,75,6.8064174139
637,1,Switzerland,1.53,76.21,6385229,1980,6385229,1,80,6.8051764774
638,1,Switzerland,1.53,77.41,6563770,1985,6563770,1,85,6.8171533546
639,1,Switzerland,1.54,78.03,6836626,1990,6836626,1,90,6.8348418223
64,3,Bahamas,2.1111,71.068,290075,2000,290075,1,0,5.4625103009
640,1,Switzerland,1.47,79.37,7157106,95,7157106,1,95,6.8547374494
641,1,Switzerland,1.415,80.62,7266920,2000,7266920,1,0,6.8613503792
642,1,Switzerland,1.42,81.701,7489370,2005,7489370,1,5,6.8744452867
643,1,Turkey,6.6,48.079,24144571,1955,24144571,1,55,7.3828194933
644,1,Turkey,6.19,52.098,28217122,1960,28217122,1,60,7.4505127159
645,1,Turkey,5.7,54.336,31950718,1965,31950718,1,65,7.5044806221
646,4,Turkey,5.3,57.005,35758382,1970,35758382,1,70,7.5533778596
647,1,Turkey,4.715,59.507,40529798,1975,40529798,1,75,7.6077744392
648,1,Turkey,4.15,61.036,45120802,1980,45120802,1,80,7.6543768104
649,1,Turkey,3.276,63.108,50669003,1985,50669003,1,85,7.7047423589
65,3,Bahamas,2.0221,73.495,301790,2005,301790,1,5,5.4797048451
650,1,Turkey,2.904,66.146,56084632,1990,56084632,1,90,7.7488438746
651,1,Turkey,2.574,68.835,61188984,95,61188984,1,95,7.7866732421
652,1,Turkey,2.23,70.845,65666677,2000,65666677,1,0,7.8173450398
653,1,Turkey,2.143,71.777,69660559,2005,69660559,1,5,7.8429869552
654,1,United Kingdom,2.49,70.42,50946000,1955,50946000,1,55,7.7071100913
655,1,United Kingdom,2.81,70.76,52372000,1960,52372000,1,60,7.7190991592
656,1,United Kingdom,2.52,71.36,54350000,1965,54350000,1,65,7.7351995484
657,1,United Kingdom,2.04,72.01,55632000,1970,55632000,1,70,7.7453246733
658,1,United Kingdom,1.72,72.76,56215000,1975,56215000,1,75,7.749852215
659,1,United Kingdom,1.8,74.04,56314000,1980,56314000,1,80,7.7506163765
66,0,Bangladesh,6.76,39.348,49601520,1955,49601520,1,55,7.6954949853
660,1,United Kingdom,1.81,75.007,56620240,1985,56620240,1,85,7.7529717059
661,1,United Kingdom,1.78,76.42,57493307,1990,57493307,1,90,7.7596172899
662,1,United Kingdom,1.7,77.218,58426014,95,58426014,1,95,7.7666062584
663,1,United Kingdom,1.695,78.471,59522468,2000,59522468,1,0,7.7746809302
664,1,United Kingdom,1.815,79.425,60441457,2005,60441457,1,5,7.7813349249
665,3,United States,3.706,69.49,165931000,1955,165931000,1,55,8.2199275305
666,3,United States,3.314,70.21,180671000,1960,180671000,1,60,8.2568884484
667,3,USA,2.545,70.76,194303000,1965,194303000,1,65,8.2884795061
668,3,USA,2.016,71.34,205052000,1970,205052000,1,70,8.3118640096
669,3,USA,1.788,73.38,215973000,1975,215973000,1,75,8.3343994609
67,0,Bangladesh,6.85,41.216,54621538,1960,54621538,1,60,7.7373639246
670,3,United States,1.825,74.65,227726463,1980,227726463,1,80,8.3574135008
671,3,United States,1.924,75.02,238466283,1985,238466283,1,85,8.3774269824
672,3,United States,2.025,76.09,250131894,1990,250131894,1,90,8.3981690716
673,3,United States,1.994,76.81,266557091,95,266557091,1,95,8.4257902402
674,3,United States,2.038,77.31,282338631,2000,282338631,1,0,8.4507703046
675,3,United States,2.054,78.242,295734134,2005,295734134,1,5,8.4709014542
676,3,Venezuela,6.4585,57.907,6170497,1955,6170497,1,55,6.7903201455
677,3,Venezuela,6.657,60.77,7556483,1960,7556483,1,60,6.8783197096
678,3,Venezuela,5.9045,63.479,9067735,1965,9067735,1,65,6.9574988196
679,3,Venezuela,4.941,65.712,10758017,1970,10758017,1,70,7.0317322262
68,0,Bangladesh,6.6,43.453,60332117,1965,60332117,1,65,7.7805485646
680,3,Venezuela,4.4685,67.456,12674987,1975,12674987,1,75,7.1029475226
681,3,Venezuela,3.957,68.557,14767890,1980,14767890,1,80,7.1693184488
682,3,Venezuela,3.6485,70.19,16997509,1985,16997509,1,85,7.2303852798
683,3,Venezuela,3.25,71.15,19325222,1990,19325222,1,90,7.2861244916
684,3,Venezuela,2.9415,72.146,21555902,95,21555902,1,95,7.3335662005
685,3,Venezuela,2.723,72.766,23542649,2000,23542649,1,0,7.3718553277
686,3,Venezuela,2.547,73.747,25375281,2005,25375281,1,5,7.4044108602
69,0,Bangladesh,6.15,45.252,67402621,1970,67402621,1,70,7.8286767847
7,0,Afghanistan,8.0,41.674,14669339,1990,14669339,1,90,7.166410545
70,0,Bangladesh,5.6,46.923,76253310,1975,76253310,1,75,7.8822587003
71,0,Bangladesh,5.25,50.009,88076996,1980,88076996,1,80,7.9448624939
72,0,Bangladesh,4.629,52.819,99752733,1985,99752733,1,85,7.9989248032
73,0,Bangladesh,4.117,56.018,109896945,1990,109896945,1,90,8.0409856197
74,0,Bangladesh,3.5043,59.412,119186448,95,119186448,1,95,8.0762268771
75,0,Bangladesh,3.224,62.013,130406594,2000,130406594,1,0,8.115299552
76,0,Bangladesh,2.826,64.062,144319628,2005,144319628,1,5,8.1593254008
77,3,Barbados,4.67,62.57,227255,1955,227255,1,55,5.3565134472
78,3,Barbados,4.26,65.87,232339,1960,232339,1,60,5.3661221158
79,3,Barbados,3.45,67.62,234980,1965,234980,1,65,5.3710308995
8,0,Afghanistan,8.0,41.763,20881480,95,20881480,1,95,7.3197612766
80,3,Barbados,2.74,69.42,238756,1970,238756,1,70,5.3779542943
81,3,Barbados,2.19,71.27,247147,1975,247147,1,75,5.3929553431
82,3,Barbados,1.92,72.695,251966,1980,251966,1,80,5.4013419415
83,3,Barbados,1.75,74.027,257446,1985,257446,1,85,5.4106861485
84,3,Barbados,1.6,74.894,262624,1990,262624,1,90,5.4193344117
85,3,Barbados,1.5,74.912,267907,95,267907,1,95,5.4279840612
86,3,Barbados,1.5,75.97,273483,2000,273483,1,0,5.4369303353
87,3,Barbados,1.5,77.296,278870,2005,278870,1,5,5.4454017967
88,1,Belgium,2.496,69.24,8868475,1955,8868475,1,55,6.9478489461
89,1,Belgium,2.644,70.25,9118700,1960,9118700,1,60,6.9599329279
9,0,Afghanistan,7.4792,42.129,23898198,2000,23898198,1,0,7.378365155
90,1,Belgium,2.392,70.94,9448100,1965,9448100,1,65,6.9753444813
91,1,Belgium,2.015,71.44,9637800,1970,9637800,1,70,6.9839779097
92,1,Belgium,1.705,72.8,9794800,1975,9794800,1,75,6.9909955726
93,1,Belgium,1.595,73.93,9846800,1980,9846800,1,80,6.993295117
94,1,Belgium,1.559,75.35,9858200,1985,9858200,1,85,6.9937976247
95,1,Belgium,1.613,76.46,9969310,1990,9969310,1,90,6.9986651008
96,1,Belgium,1.604,77.53,10155459,95,10155459,1,95,7.0066995572
97,1,Belgium,1.638,78.32,10263618,2000,10263618,1,0,7.0113004797
98,1,Belgium,1.646,79.441,10364388,2005,10364388,1,5,7.0155436628
99,3,Bolivia,6.75,41.89,3074311,1955,3074311,1,55,6.487747799
